operation_id,jetty_operation_code,vessel_name,purpose,sailed_at_wib,si_ref,si_products,load_line_id,segment_started_wib,segment_ended_wib,segment_qty,manual_qty,atg_qty_mode,commodity_id,segment_commodity_short_name,tank_ids
133,LD-26-09-0013,MT Chang Long 79,Loading,2026-09-28 07:30:47.829052,SI/EUP/2026/IX/070,"{RG,SRPKFA}",1007,2026-09-24 14:05:00,2026-09-24 22:56:00,2226.668000,,auto,,,7
133,LD-26-09-0013,MT Chang Long 79,Loading,2026-09-28 07:30:47.829052,SI/EUP/2026/IX/070,"{RG,SRPKFA}",1008,2026-09-25 04:55:00,2026-09-25 09:53:00,770.914000,,auto,,,79
133,LD-26-09-0013,MT Chang Long 79,Loading,2026-09-28 07:30:47.829052,SI/EUP/2026/IX/070,"{RG,SRPKFA}",1009,2026-09-26 00:00:00,2026-09-26 11:15:00,1952.901000,,auto,,,81
133,LD-26-09-0013,MT Chang Long 79,Loading,2026-09-28 07:30:47.829052,SI/EUP/2026/IX/070,"{RG,SRPKFA}",1010,2026-09-27 02:40:00,2026-09-27 12:50:00,1877.196000,,auto,,,82
115,UN-26-09-0015,BG LUMINOR 6,Unloading,2026-09-26 15:59:50.402226,BG LUMINOR 6 NO SI,"{CPO,POME}",964,2026-09-16 15:00:00,2026-09-17 09:30:00,1300.405000,,auto,,,54
115,UN-26-09-0015,BG LUMINOR 6,Unloading,2026-09-26 15:59:50.402226,BG LUMINOR 6 NO SI,"{CPO,POME}",965,2026-09-19 18:00:00,2026-09-21 17:00:00,1476.417000,,auto,,,54
115,UN-26-09-0015,BG LUMINOR 6,Unloading,2026-09-26 15:59:50.402226,BG LUMINOR 6 NO SI,"{CPO,POME}",966,2026-09-21 23:15:00,2026-09-23 05:00:00,524.037000,,auto,,,22
115,UN-26-09-0015,BG LUMINOR 6,Unloading,2026-09-26 15:59:50.402226,BG LUMINOR 6 NO SI,"{CPO,POME}",967,2026-09-23 12:25:00,2026-09-25 04:20:00,848.371000,,auto,,,27
117,LD-26-09-0004,MT HAFNIA ALABASTER,Loading,2026-09-12 09:37:08.465618,SI/EUP/2026/IX/050-051,"{""INS RPOME"",""ISCC RPOME""}",804,2026-09-10 06:30:00,2026-09-11 03:12:00,4998.594000,,manual,,,46
117,LD-26-09-0004,MT HAFNIA ALABASTER,Loading,2026-09-12 09:37:08.465618,SI/EUP/2026/IX/050-051,"{""INS RPOME"",""ISCC RPOME""}",805,2026-09-11 04:36:00,2026-09-11 09:36:00,865.518000,,auto,,,53
92,LD-26-09-0001,MT CHEMITEC,Loading,2026-09-10 12:14:15.835609,SI/EUP/2026/IX/005,"{ROL,RPKO}",783,2026-09-06 19:30:00,2026-09-07 07:00:00,3987.966000,,auto,,,16
92,LD-26-09-0001,MT CHEMITEC,Loading,2026-09-10 12:14:15.835609,SI/EUP/2026/IX/005,"{ROL,RPKO}",784,2026-09-07 16:26:00,2026-09-07 20:40:00,1327.933000,,auto,,,43
92,LD-26-09-0001,MT CHEMITEC,Loading,2026-09-10 12:14:15.835609,SI/EUP/2026/IX/005,"{ROL,RPKO}",785,2026-09-07 22:40:00,2026-09-08 10:10:00,4136.562000,,auto,,,14
92,LD-26-09-0001,MT CHEMITEC,Loading,2026-09-10 12:14:15.835609,SI/EUP/2026/IX/005,"{ROL,RPKO}",786,2026-09-08 12:10:00,2026-09-08 23:30:00,3984.459000,,auto,,,43
92,LD-26-09-0001,MT CHEMITEC,Loading,2026-09-10 12:14:15.835609,SI/EUP/2026/IX/005,"{ROL,RPKO}",787,2026-09-09 08:20:00,2026-09-09 14:30:00,1575.511000,,auto,,,14
100,UN-26-09-0006,BG RHONDA,Unloading,2026-09-08 12:32:50.623723,BG RHONDA NO SI,"{PK,PKS}",744,2026-09-04 13:56:00,2026-09-06 23:15:00,1395.105000,,auto,,,
78,LD-26-08-0015,MT MARINA NEPTUNE,Loading,2026-09-06 18:17:11.016655,SI/EUP/2026/VIII/065,"{PFAD,RG}",678,2026-09-05 00:00:00,2026-09-05 06:06:00,2209.805000,,auto,,,"17,56"
78,LD-26-08-0015,MT MARINA NEPTUNE,Loading,2026-09-06 18:17:11.016655,SI/EUP/2026/VIII/065,"{PFAD,RG}",679,2026-09-05 06:06:00,2026-09-05 09:00:00,439.964000,,auto,,,56
78,LD-26-08-0015,MT MARINA NEPTUNE,Loading,2026-09-06 18:17:11.016655,SI/EUP/2026/VIII/065,"{PFAD,RG}",680,2026-09-05 09:00:00,2026-09-05 18:30:00,3859.372000,1999.974,auto,,,"7,47"
78,LD-26-08-0015,MT MARINA NEPTUNE,Loading,2026-09-06 18:17:11.016655,SI/EUP/2026/VIII/065,"{PFAD,RG}",681,2026-09-05 20:00:00,2026-09-06 02:23:00,1015.431000,,auto,,,56
