short_name,name,type
CG,CRUDE GLYCERINE,Liquid
COAL,COAL,Solid
CPKO,CRUDE PALM KERNEL OIL,Liquid
CPO,CRUDE PALM OIL,Liquid
DRPO,DEGUMMED RED PALM OIL,Liquid
FAME,FATTY ACID METHYL ESTER,Liquid
GULA,SUGAR (GULA),Solid
HYDROTO,HYDROTREATED OIL,Liquid
INS POME,INS PALM OIL MILL EFFLUENT,Liquid
INS POMEFAD,INS PALM OIL MILL EFFLUENT FATTY ACID DISTILLATE,Liquid
INS RPOME,INS REFINED PALM OIL MILL EFFLUENT,Liquid
ISCC POMEPFAD,ISCC PALM OIL EFFLUENT FATTY DISTILLATE (POMEPFAD),Liquid
ISCC RPOME,ISCC REFINED PALM OIL MILL EFFLUENT,Liquid
MEOH,METHANOL,Liquid
PA85%,PHOSPHORIC ACID 85%,Liquid
PA90%,PHOSPHORIC ACID 90%,Liquid
PA95%,PHOSPHORIC ACID 95%,Liquid
PFAD,PFAD,Liquid
PK,PALM KERNEL,Solid
PKE,PKE,Solid
PKFAD,PALM KERNEL FATTY ACID DISTILLATE,Liquid
PKM,PKM,Solid
PKS,PKS,Solid
POME,POME,Liquid
RBDPS,REFINED BLEACHED DEODORIZED PALM STEARIN,Solid
RG,REFINED GLYCERINE,Liquid
ROL,ROL,Liquid
RPKO,REFINE PALM KERNEL OIL,Liquid
RPO,RBD PO,Liquid
RPOME,REFINED PALM OIL MILL EFFLUENT,Liquid
RPSO,RED PALM SUPER OLEIN,Liquid
SANDO,SANDO,Solid
SBE,SPENT BLEACHING EARTH,Solid
SCPKOFA,SPLIT CRUDE PALM KERNEL OIL FATTY ACID,Liquid
SHELL PALM,PALM KERNEL SHELL,Solid
SHORTENING,SHORTENING,Solid
SPLITTED,SPLITTED FATTY ACID,Liquid
SRPKFA,SPLIT RBD PALM KERNEL FATTY ACID,Liquid
STEARIC ACID,STEARIC ACID,Solid
UCO,USED COOKING OIL,Liquid
WASTE OIL (PFAD),WASTE OIL (PALM FATTY ACID DISTILLATE),Liquid
WASTE OIL (POME),WASTE OIL (PALM OIL MILL EFFLUENT),Liquid
